{"cameraMode":{"drawMode":0,"name":"Shaded","section":"Shading Mode"},"sceneLighting":false,"audioPlay":false,"sceneViewState":{"m_AlwaysRefresh":false,"showFog":true,"showSkybox":true,"showFlares":true,"showImageEffects":true,"showParticleSystems":true,"showVisualEffectGraphs":true,"m_FxEnabled":true},"in2DMode":false,"pivot":{"x":11.246451377868653,"y":12.725603103637696,"z":29.206043243408204},"rotation":{"x":0.3261279761791229,"y":-0.29968881607055666,"z":0.10980366170406342,"w":0.8897737860679627},"size":1.3734629154205323,"orthographic":false}