{"cameraMode":{"drawMode":0,"name":"Shaded","section":"Shading Mode"},"sceneLighting":false,"audioPlay":false,"sceneViewState":{"m_AlwaysRefresh":false,"showFog":true,"showSkybox":true,"showFlares":true,"showImageEffects":true,"showParticleSystems":true,"showVisualEffectGraphs":true,"m_FxEnabled":true},"in2DMode":false,"pivot":{"x":7.559658527374268,"y":1.2943918704986573,"z":-2.1852924823760988},"rotation":{"x":0.24351608753204347,"y":-0.00787689071148634,"z":0.001823796657845378,"w":0.9698532819747925},"size":13.547653198242188,"orthographic":false}