{"cameraMode":{"drawMode":0,"name":"Shaded","section":"Shading Mode"},"sceneLighting":false,"audioPlay":false,"sceneViewState":{"m_AlwaysRefresh":false,"showFog":true,"showSkybox":true,"showFlares":true,"showImageEffects":true,"showParticleSystems":true,"showVisualEffectGraphs":true,"m_FxEnabled":true},"in2DMode":false,"pivot":{"x":4.626535415649414,"y":7.157016754150391,"z":31.950939178466798},"rotation":{"x":-0.22187784314155579,"y":0.21555696427822114,"z":-0.05020683631300926,"w":-0.9496135115623474},"size":23.348323822021486,"orthographic":false}