{"cameraMode":{"drawMode":0,"name":"Shaded","section":"Shading Mode"},"sceneLighting":false,"audioPlay":false,"sceneViewState":{"m_AlwaysRefresh":false,"showFog":true,"showSkybox":true,"showFlares":true,"showImageEffects":true,"showParticleSystems":true,"showVisualEffectGraphs":true,"m_FxEnabled":true},"in2DMode":false,"pivot":{"x":0.9351193904876709,"y":14.569772720336914,"z":8.739152908325196},"rotation":{"x":-0.3518964648246765,"y":-0.05725041776895523,"z":0.021579483523964883,"w":-0.9340184926986694},"size":12.12435531616211,"orthographic":false}