{"cameraMode":{"drawMode":0,"name":"Shaded","section":"Shading Mode"},"sceneLighting":false,"audioPlay":false,"sceneViewState":{"m_AlwaysRefresh":false,"showFog":true,"showSkybox":false,"showFlares":true,"showImageEffects":true,"showParticleSystems":true,"showVisualEffectGraphs":true,"m_FxEnabled":true},"in2DMode":false,"pivot":{"x":-0.24736212193965913,"y":16.158201217651368,"z":35.03769302368164},"rotation":{"x":0.263919860124588,"y":-0.14656950533390046,"z":0.04061141982674599,"w":0.9524615406990051},"size":1.2124361991882325,"orthographic":false}