{"count":1,"self":42.0801984,"total":42.404302799999996,"children":{"InitializeActuators":{"count":1,"self":0.0019882999999999997,"total":0.0019882999999999997,"children":null},"InitializeSensors":{"count":1,"self":0.0030144,"total":0.0030144,"children":null},"AgentSendState":{"count":1887,"self":0.0414172,"total":0.0528396,"children":{"CollectObservations":{"count":629,"self":0.0039632999999999995,"total":0.0039632999999999995,"children":null},"WriteActionMask":{"count":629,"self":0.0012194999999999999,"total":0.0012194999999999999,"children":null},"RequestDecision":{"count":629,"self":0.0029379,"total":0.0062396,"children":{"RayPerceptionSensor.Perceive":{"count":1258,"self":0.0033017,"total":0.0033017,"children":null}}}}},"DecideAction":{"count":1887,"self":0.1754035,"total":0.1754035,"children":null},"AgentAct":{"count":1887,"self":0.08985979999999999,"total":0.08985979999999999,"children":null}},"gauges":{},"metadata":{"timer_format_version":"0.1.0","start_time_seconds":"1700547440","unity_version":"2021.3.18f1","command_line_arguments":"D:\\Unity\\2021.3.18f1\\Editor\\Unity.exe -projectpath D:\\UnityProjects\\FPSprototype -useHub -hubIPC -cloudEnvironment production","communication_protocol_version":"1.5.0","com.unity.ml-agents_version":"2.3.0-exp.3","scene_name":"Env2","end_time_seconds":"1700547482"}}