{"count":1,"self":437.85661439999996,"total":877.5170108,"children":{"InitializeActuators":{"count":1124,"self":0.0339049,"total":0.0339049,"children":null},"InitializeSensors":{"count":1124,"self":0.015954199999999998,"total":0.015954199999999998,"children":null},"AgentSendState":{"count":471601,"self":0.6664666,"total":2.3929424,"children":{"CollectObservations":{"count":94321,"self":0.18062029999999998,"total":0.18062029999999998,"children":null},"WriteActionMask":{"count":94321,"self":0.042889899999999995,"total":0.042889899999999995,"children":null},"RequestDecision":{"count":94321,"self":0.3421339,"total":1.5029656,"children":{"AgentInfo.ToProto":{"count":94321,"self":0.3570328,"total":1.1608317,"children":{"GenerateSensorData":{"count":94321,"self":0.8037989,"total":0.8037989,"children":null}}}}}}},"DecideAction":{"count":471601,"self":330.7930624,"total":330.7930517,"children":null},"AgentAct":{"count":471601,"self":106.4065984,"total":106.4065998,"children":null},"AgentInfo.ToProto":{"count":1132,"self":0.0059835,"total":0.0179549,"children":{"GenerateSensorData":{"count":1132,"self":0.0119714,"total":0.0119714,"children":null}}}},"gauges":{"MyBehavior.CumulativeReward":{"count":1123,"max":999.95636,"min":-1288.57166,"runningAverage":-1042.69019,"value":-1088.08008,"weightedAverage":-1055.157}},"metadata":{"timer_format_version":"0.1.0","start_time_seconds":"1699538193","unity_version":"2021.3.18f1","command_line_arguments":"D:\\Unity\\2021.3.18f1\\Editor\\Unity.exe -projectpath D:\\UnityProjects\\FPSprototype -useHub -hubIPC -cloudEnvironment production","communication_protocol_version":"1.5.0","com.unity.ml-agents_version":"2.3.0-exp.3","scene_name":"Warehouse Sample","end_time_seconds":"1699539070"}}