{"cameraMode":{"drawMode":0,"name":"Shaded","section":"Shading Mode"},"sceneLighting":false,"audioPlay":false,"sceneViewState":{"m_AlwaysRefresh":false,"showFog":true,"showSkybox":false,"showFlares":true,"showImageEffects":true,"showParticleSystems":true,"showVisualEffectGraphs":true,"m_FxEnabled":true},"in2DMode":false,"pivot":{"x":0.5551793575286865,"y":2.0611162185668947,"z":2.2327606678009035},"rotation":{"x":-0.11693031340837479,"y":0.6877107620239258,"z":-0.11367181688547135,"w":-0.7074101567268372},"size":1.405432105064392,"orthographic":false}